Year_founded,Country_Only,Industry
1965,united states,renewables & environment
1823,lithuania,paper & forest products
1943,canada,food production
2010,germany,research
1938,united states,utilities
2007,egypt,information technology and services
1996,philippines,banking
2009,united states,automotive
2007,netherlands,financial services
1992,canada,management consulting
2009,united kingdom,marketing and advertising
1995,united states,machinery
1975,indonesia,hospitality
2012,united kingdom,"health, wellness and fitness"
2014,united states,computer software
1993,netherlands,furniture
1974,united states,marketing and advertising
1940,united states,higher education
1991,united states,pharmaceuticals
2008,united arab emirates,industrial automation
1984,united states,construction
2002,united kingdom,law practice
2013,malta,gambling & casinos
1997,poland,retail
2005,brazil,internet
2008,united states,non-profit organization management
2001,united states,"health, wellness and fitness"
1996,indonesia,oil & energy
2001,new zealand,public relations and communications
1990,jordan,education management
2002,egypt,research
2003,ecuador,information technology and services
1980,united states,accounting
1971,italy,machinery
1972,united states,outsourcing/offshoring
1998,germany,automotive
1992,united states,aviation & aerospace
2010,united states,computer software
2003,united states,construction
1992,canada,publishing
1994,united states,computer games
2012,united states,computer hardware
1983,united states,banking
2000,united states,oil & energy
1999,india,pharmaceuticals
1904,united states,higher education
1919,united states,law practice
2006,germany,insurance
1996,australia,mining & metals
1908,russia,newspapers
1983,martinique,internet
1991,united states,management consulting
1965,united kingdom,government administration
1948,united states,higher education
2016,india,insurance
1988,singapore,oil & energy
2009,turkey,biotechnology
1852,united states,pharmaceuticals
2003,united kingdom,human resources
2007,italy,hospitality
1989,bangladesh,consumer goods
1999,hungary,industrial automation
1967,spain,primary/secondary education
1982,canada,fund-raising
1999,united states,information technology and services
2004,united states,non-profit organization management
2006,ireland,architecture & planning
2002,netherlands,education management
2014,jersey,information services
1976,canada,oil & energy
1998,united states,oil & energy
1929,united states,machinery
2010,turkey,internet
1952,united states,research
1991,united kingdom,computer hardware
1917,united states,insurance
1929,israel,non-profit organization management
2009,united states,computer software
2000,united kingdom,insurance
2006,netherlands,mental health care
1947,united states,electrical/electronic manufacturing
2002,united kingdom,civil engineering
1963,netherlands,mechanical or industrial engineering
2011,indonesia,information technology and services
1989,united states,automotive
2010,romania,internet
2012,united states,government administration
1991,pakistan,information technology and services
1994,india,financial services
1995,brazil,financial services
1989,brazil,textiles
2017,canada,non-profit organization management
1911,united states,marketing and advertising
2000,united states,telecommunications
1927,united states,education management
1982,united states,oil & energy
2008,brazil,real estate
1901,united states,food production
1975,ecuador,textiles
1945,united states,law practice
2006,canada,transportation/trucking/railroad
1989,united states,construction
1996,united states,computer software
2015,singapore,food & beverages
2013,turkey,civic & social organization
1985,spain,facilities services
2003,united states,computer software
1925,united states,real estate
1983,italy,information technology and services
1908,united states,mechanical or industrial engineering
2010,india,information technology and services
2004,bangladesh,computer software
2004,norway,pharmaceuticals
1997,czechia,information technology and services
1972,singapore,recreational facilities and services
2002,switzerland,information technology and services
1984,peru,security and investigations
2009,south africa,telecommunications
1989,united states,information technology and services
2005,united states,real estate
1976,colombia,investment management
2013,india,internet
1985,united states,media production
2006,united states,venture capital & private equity
1810,united states,government administration
2007,india,hospital & health care
1959,australia,media production
2015,united states,information technology and services
1978,united states,farming
1985,united states,architecture & planning
2001,belgium,marketing and advertising
1948,united states,real estate
1998,united kingdom,staffing and recruiting
1953,canada,sports
1992,united states,information technology and services
1971,united states,education management
1992,united states,oil & energy
2005,india,marketing and advertising
1996,netherlands,financial services
2014,united states,internet
2007,canada,legal services
1966,united states,primary/secondary education
1904,united states,medical practice
1969,united states,business supplies and equipment
2017,united states,"leisure, travel & tourism"
1925,united states,hospital & health care
1925,united kingdom,apparel & fashion
1981,united states,computer software
2007,united states,computer software
1964,united states,aviation & aerospace
2010,united states,financial services
2008,united states,renewables & environment
1993,ireland,human resources
2010,south africa,environmental services
2007,united states,retail
2008,canada,internet
1980,canada,mechanical or industrial engineering
1997,canada,renewables & environment
1922,united states,non-profit organization management
1993,india,hospital & health care
1983,united kingdom,mechanical or industrial engineering
2009,united states,legal services
1884,united states,law practice
1984,united kingdom,information services
1997,united states,hospital & health care
1984,united states,architecture & planning
2008,spain,"leisure, travel & tourism"
1905,italy,paper & forest products
1917,italy,automotive
2011,malta,gambling & casinos
2009,thailand,information technology and services
1916,united states,non-profit organization management
1975,italy,restaurants
1995,norway,oil & energy
1961,denmark,electrical/electronic manufacturing
1988,united states,management consulting
1887,united kingdom,renewables & environment
1991,spain,individual & family services
1990,united states,"health, wellness and fitness"
1905,united states,banking
2001,canada,mining & metals
2009,india,broadcast media
1997,netherlands,medical devices
2012,united states,hospital & health care
2001,united states,"health, wellness and fitness"
2014,belgium,consumer services
1988,united kingdom,"leisure, travel & tourism"
1901,mexico,sports
1982,united states,environmental services
1984,united states,non-profit organization management
1987,canada,telecommunications
1991,belgium,airlines/aviation
2005,netherlands,computer & network security
2011,united states,information technology and services
1990,denmark,food & beverages
2002,italy,information technology and services
1998,united states,environmental services
2001,united states,higher education
2007,united states,information technology and services
2005,iran,computer software
2003,canada,environmental services
1985,norway,logistics and supply chain
1946,united states,printing
1978,united states,retail
2011,singapore,renewables & environment
1972,hungary,non-profit organization management
1992,united states,insurance
2014,united states,"health, wellness and fitness"
1969,united kingdom,construction
2002,united kingdom,renewables & environment
2009,united states,marketing and advertising
1945,indonesia,judiciary
1899,denmark,non-profit organization management
1932,australia,civil engineering
1911,spain,automotive
1995,netherlands,facilities services
2011,romania,information technology and services
2006,united arab emirates,professional training & coaching
1918,netherlands,food production
1984,united states,construction
1989,germany,human resources
1930,united kingdom,education management
1971,canada,hospital & health care
1958,netherlands,mechanical or industrial engineering
1974,united kingdom,primary/secondary education
2016,spain,higher education
1896,united states,non-profit organization management
2009,netherlands,consumer services
2016,norway,research
2001,nigeria,real estate
2004,united states,publishing
2012,united states,government relations
2002,united states,computer software
2010,pakistan,dairy
1950,united states,consumer goods
1971,colombia,individual & family services
1989,canada,insurance
1985,finland,mining & metals
1986,united states,education management
1995,canada,real estate
2001,united states,machinery
1981,united states,non-profit organization management
2016,india,financial services
1995,austria,information technology and services
1979,united states,marketing and advertising
1995,united kingdom,hospitality
1981,sweden,mechanical or industrial engineering
1948,portugal,textiles
1964,united states,environmental services
2012,germany,food & beverages
2006,united kingdom,design
2012,oman,professional training & coaching
1996,united states,public policy
2008,united states,information technology and services
1990,canada,public relations and communications
2004,mexico,insurance
2014,united states,real estate
2004,colombia,computer & network security
2007,turkey,information technology and services
2000,united states,staffing and recruiting
2012,united states,retail
1999,philippines,information technology and services
2009,italy,outsourcing/offshoring
1991,united states,staffing and recruiting
2007,thailand,information technology and services
2001,south africa,computer & network security
1994,australia,environmental services
2010,france,civic & social organization
2009,united states,marketing and advertising
1991,canada,farming
2013,india,banking
1989,united states,automotive
2007,united kingdom,information technology and services
2004,norway,electrical/electronic manufacturing
2009,united states,banking
1994,latvia,machinery
1991,canada,information technology and services
2011,china,computer games
2017,united states,human resources
1924,united states,philanthropy
1992,united states,non-profit organization management
2012,ireland,museums and institutions
1995,egypt,financial services
1990,canada,marketing and advertising
1971,sweden,government administration
1989,chile,computer software
1986,united states,mechanical or industrial engineering
2001,united states,hospitality
2010,brazil,environmental services
1817,united states,textiles
1996,india,information technology and services
1996,saudi arabia,retail
2001,united states,environmental services
1949,spain,pharmaceuticals
1991,united states,construction
2002,united kingdom,information technology and services
2000,united kingdom,market research
1994,united states,e-learning
1989,australia,marketing and advertising
1997,united states,marketing and advertising
1986,italy,events services
2000,india,e-learning
2002,india,hospital & health care
2014,india,e-learning
2013,thailand,internet
2008,india,hospital & health care
1933,united states,automotive
1988,portugal,real estate
2005,sudan,telecommunications
1976,australia,non-profit organization management
1997,united states,information technology and services
2000,united states,information technology and services
1996,lebanon,construction
1949,brazil,chemicals
2001,france,computer software
1855,united states,financial services
2009,india,education management
2009,netherlands,internet
2016,italy,mechanical or industrial engineering
2004,united kingdom,architecture & planning
1917,united states,consumer goods
1964,cyprus,"leisure, travel & tourism"
1996,italy,civil engineering
1978,united states,hospital & health care
2016,united states,retail
2004,egypt,"leisure, travel & tourism"
2007,france,accounting
2007,canada,design
1989,united states,education management
1998,united states,computer software
1987,spain,food & beverages
2008,united states,consumer goods
1803,brazil,hospital & health care
2010,united states,financial services
1994,united states,aviation & aerospace
2009,united kingdom,management consulting
1991,canada,accounting
2010,india,internet
1992,germany,management consulting
2006,united states,information technology and services
1859,united states,mental health care
2013,saudi arabia,retail
2002,united arab emirates,information technology and services
1890,new zealand,architecture & planning
1924,austria,transportation/trucking/railroad
1919,norway,maritime
2016,italy,renewables & environment
1986,panama,electrical/electronic manufacturing
1967,belgium,financial services
2002,united kingdom,design
1858,united states,hospital & health care
2012,united kingdom,public safety
1995,united kingdom,public relations and communications
1840,portugal,"leisure, travel & tourism"
2003,united kingdom,machinery
1988,france,biotechnology
1993,united states,hospital & health care
1989,united states,architecture & planning
1994,united states,retail
2014,united states,computer games
2014,canada,research
2013,canada,marketing and advertising
1984,united states,marketing and advertising
1983,united kingdom,facilities services
1984,united arab emirates,business supplies and equipment
2010,united states,real estate
2014,netherlands,management consulting
1996,australia,electrical/electronic manufacturing
2001,united states,entertainment
1996,united states,program development
2012,france,information technology and services
1983,argentina,human resources
2010,united states,automotive
2012,india,management consulting
2009,brazil,management consulting
2009,united states,primary/secondary education
1996,united states,hospital & health care
1990,united arab emirates,business supplies and equipment
2009,philippines,management consulting
2009,canada,food & beverages
2007,united states,marketing and advertising
2011,canada,information technology and services
2001,united states,furniture
2012,canada,hospitality
1989,united states,construction
2000,united kingdom,information technology and services
2012,mozambique,architecture & planning
1905,united states,textiles
2015,united states,airlines/aviation
1994,switzerland,architecture & planning
1995,netherlands,industrial automation
1999,united states,international affairs
1979,japan,industrial automation
2011,united states,wine and spirits
1981,united kingdom,oil & energy
2014,russia,internet
1980,argentina,mining & metals
2011,spain,marketing and advertising
2017,united states,information technology and services
2011,united states,mental health care
2013,saudi arabia,education management
2007,united states,construction
2017,spain,computer software
2011,canada,entertainment
1994,united states,insurance
2000,india,"leisure, travel & tourism"
2017,belgium,mechanical or industrial engineering
2008,canada,venture capital & private equity
2014,united kingdom,financial services
2012,united kingdom,oil & energy
2015,brazil,management consulting
2003,united states,environmental services
2010,slovakia,"leisure, travel & tourism"
2017,india,management consulting
2002,united states,marketing and advertising
2010,ireland,public relations and communications
1971,australia,automotive
2017,united states,human resources
1999,turkey,education management
2017,germany,construction
1993,greece,shipbuilding
2013,united states,logistics and supply chain
1999,united states,design
2002,canada,information technology and services
2016,india,marketing and advertising
2001,united states,international trade and development
1988,united states,construction
2002,united states,marketing and advertising
1947,united states,government administration
1991,united states,telecommunications
1915,united states,consumer services
2012,united states,financial services
1999,united states,marketing and advertising
2014,netherlands,industrial automation
2010,finland,sports
2013,spain,aviation & aerospace
2001,united states,medical devices
2003,south africa,professional training & coaching
2016,united states,consumer goods
2016,turkey,events services
2012,united kingdom,music
2004,argentina,mental health care
2002,united states,financial services
2014,canada,graphic design
2000,czechia,marketing and advertising
2005,brazil,facilities services
2010,bulgaria,retail
2017,united states,marketing and advertising
1971,france,chemicals
2003,united states,computer software
1994,united kingdom,computer hardware
1915,united states,non-profit organization management
1978,united states,mechanical or industrial engineering
1983,united kingdom,mechanical or industrial engineering
2010,mexico,computer hardware
2014,barbados,financial services
2009,south africa,information technology and services
2003,united kingdom,marketing and advertising
2011,chile,motion pictures and film
2004,united arab emirates,plastics
1984,united states,professional training & coaching
2011,russia,telecommunications
2004,united states,electrical/electronic manufacturing
2004,france,education management
2010,france,entertainment
2013,egypt,publishing
2017,slovenia,e-learning
1992,united states,management consulting
2015,germany,staffing and recruiting
1982,italy,defense & space
1991,united states,renewables & environment
2010,united states,marketing and advertising
2001,united states,telecommunications
2012,australia,management consulting
2002,brazil,computer hardware
2004,portugal,architecture & planning
2013,ukraine,marketing and advertising
2017,canada,marketing and advertising
2017,south africa,marketing and advertising
2015,italy,restaurants
2004,canada,"health, wellness and fitness"
2010,germany,motion pictures and film
2014,spain,human resources
2013,united states,events services
2014,united states,sporting goods
2017,united states,computer software
1951,canada,airlines/aviation
2014,united states,information technology and services
2018,united states,professional training & coaching
2016,united states,education management
2006,netherlands,food & beverages
2010,azerbaijan,information technology and services
2014,poland,marketing and advertising
1992,united states,philanthropy
2017,belgium,design
2010,united states,business supplies and equipment
2012,united states,entertainment
2012,france,"leisure, travel & tourism"
2002,netherlands,information technology and services
2015,egypt,logistics and supply chain
2015,brazil,apparel & fashion
1969,united states,civil engineering
1989,france,apparel & fashion
1957,germany,wholesale
2007,iraq,real estate
1983,netherlands,wholesale
1997,netherlands,staffing and recruiting
2007,italy,marketing and advertising
1979,united states,non-profit organization management
2017,united states,computer software
2013,india,media production
2009,mexico,information technology and services
2015,france,motion pictures and film
1920,turkey,utilities
2014,united kingdom,restaurants
2012,switzerland,real estate
1997,mauritius,investment management
2016,canada,marketing and advertising
2014,spain,biotechnology
2014,united states,"health, wellness and fitness"
2015,italy,marketing and advertising
1999,united states,media production
2014,united states,hospital & health care
2013,spain,apparel & fashion
2007,united states,apparel & fashion
2010,netherlands,staffing and recruiting
2010,netherlands,information technology and services
2015,united states,internet
2008,united states,marketing and advertising
2014,united arab emirates,telecommunications
2012,australia,investment management
1988,china,machinery
1923,austria,mechanical or industrial engineering
2014,united states,philanthropy
2007,south africa,maritime
2008,united states,security and investigations
2008,italy,design
1936,brazil,music
1992,united states,music
2014,united kingdom,marketing and advertising
2013,united states,computer hardware
2012,germany,design
2013,australia,wine and spirits
2008,united kingdom,"leisure, travel & tourism"
2011,united states,real estate
2000,india,mechanical or industrial engineering
2013,canada,marketing and advertising
2003,united states,law practice
2013,finland,wine and spirits
1980,brazil,retail
1999,united states,banking
2001,united states,accounting
1991,united states,information technology and services
2006,sweden,wholesale
1980,united states,food & beverages
1867,spain,wine and spirits
2013,united states,accounting
2012,united states,consumer services
2013,france,mechanical or industrial engineering
1975,greece,oil & energy
2009,colombia,insurance
2016,canada,marketing and advertising
2001,netherlands,hospital & health care
2012,finland,information technology and services
2002,australia,marketing and advertising
2002,netherlands,logistics and supply chain
2014,united kingdom,information technology and services
2010,united states,construction
2014,united kingdom,staffing and recruiting
1994,united states,sports
1992,france,civic & social organization
2014,united states,marketing and advertising
1986,united states,staffing and recruiting
1992,taiwan,machinery
2014,united states,marketing and advertising
2015,netherlands,internet
2016,sweden,management consulting
2007,peru,management consulting
2017,united states,retail
2006,uruguay,management consulting
2011,united states,logistics and supply chain
1996,united states,marketing and advertising
2015,peru,management consulting
2017,turkey,information technology and services
2011,mexico,management consulting
2016,united states,information technology and services
2007,indonesia,real estate
2011,france,sports
2008,poland,professional training & coaching
2010,india,computer games
2016,macedonia,internet
2005,canada,construction
2010,australia,management consulting
2012,united kingdom,financial services
2012,india,information technology and services
2011,netherlands,graphic design
1947,united states,medical devices
1956,france,accounting
2001,indonesia,furniture
1998,united states,financial services
2017,united states,medical practice
2000,belgium,legal services
2009,mauritius,luxury goods & jewelry
1920,qatar,real estate
2016,italy,individual & family services
2014,united states,information technology and services
2014,united states,graphic design
2005,united kingdom,financial services
2004,turkey,real estate
1951,united states,information technology and services
2015,italy,media production
2011,united states,construction
2015,pakistan,marketing and advertising
2009,kenya,transportation/trucking/railroad
2007,united states,law practice
2016,united kingdom,"health, wellness and fitness"
2013,turkey,human resources
2003,united states,information technology and services
1995,brazil,chemicals
2010,brazil,human resources
2014,united states,aviation & aerospace
1998,latvia,building materials
2011,india,market research
2017,spain,information technology and services
2012,india,media production
2010,united states,oil & energy
2006,sweden,restaurants
2010,romania,internet
2014,colombia,retail
2003,united states,real estate
1971,russia,cosmetics
2001,united states,public safety
1996,united states,"health, wellness and fitness"
1998,poland,food production
2012,france,retail
2014,belgium,entertainment
2011,united states,"health, wellness and fitness"
2014,spain,marketing and advertising
2014,united states,non-profit organization management
2010,united states,marketing and advertising
2010,united states,"health, wellness and fitness"
2017,united kingdom,civic & social organization
2003,united states,real estate
2016,united states,computer software
2012,pakistan,information technology and services
2003,united states,real estate
2007,spain,consumer services
2017,netherlands,hospital & health care
2006,united kingdom,education management
2006,united states,writing and editing
2004,united states,"health, wellness and fitness"
2014,united states,entertainment
2017,france,entertainment
2013,moldova,computer software
2007,united states,events services
2008,united states,marketing and advertising
2014,portugal,internet
2013,denmark,design
1980,china,packaging and containers
2017,united states,non-profit organization management
2015,united kingdom,information technology and services
2013,romania,information technology and services
1988,australia,"health, wellness and fitness"
2013,spain,electrical/electronic manufacturing
2016,spain,environmental services
2012,netherlands,cosmetics
2017,germany,management consulting
2017,spain,individual & family services
1988,united states,architecture & planning
2013,united kingdom,architecture & planning
2012,canada,marketing and advertising
2016,indonesia,education management
2004,united kingdom,outsourcing/offshoring
2014,sweden,events services
2012,denmark,management consulting
2007,spain,primary/secondary education
2007,united states,"health, wellness and fitness"
1991,united states,financial services
2009,turkey,environmental services
2017,united states,insurance
1985,united kingdom,transportation/trucking/railroad
2009,united states,recreational facilities and services
2012,turkey,food & beverages
2016,hungary,higher education
2014,united states,real estate
1989,united states,real estate
2011,united kingdom,"leisure, travel & tourism"
1998,ireland,hospital & health care
2015,united states,oil & energy
2015,mauritania,supermarkets
2004,united states,accounting
2005,united states,accounting
2016,poland,computer games
2014,colombia,oil & energy
2010,russia,automotive
2016,india,information services
2013,united states,non-profit organization management
1992,china,apparel & fashion
2010,canada,internet
2001,united states,publishing
2014,germany,information technology and services
2011,uganda,farming
2012,netherlands,professional training & coaching
2005,united states,market research
2011,united kingdom,"leisure, travel & tourism"
2009,india,information technology and services
2006,spain,law practice
2014,lithuania,information technology and services
1946,belize,financial services
2016,sweden,photography
2014,turkey,restaurants
2009,france,graphic design
2012,united states,security and investigations
2015,mexico,internet
2004,switzerland,industrial automation
2012,canada,graphic design
1967,germany,hospitality
1985,canada,import and export
2013,united states,insurance
1978,united states,transportation/trucking/railroad
2012,iran,non-profit organization management
1928,united states,hospitality
1979,germany,mining & metals
2015,united states,consumer goods
1997,brazil,luxury goods & jewelry
1941,united states,transportation/trucking/railroad
2011,united kingdom,marketing and advertising
2010,france,internet
2002,south africa,transportation/trucking/railroad
1989,united states,sports
2002,china,internet
1988,brazil,computer hardware
2013,el salvador,marketing and advertising
2015,spain,architecture & planning
2002,canada,accounting
2015,united states,"health, wellness and fitness"
2003,united states,management consulting
2017,united states,construction
1981,italy,maritime
2014,united states,real estate
2009,united states,renewables & environment
1992,united kingdom,computer software
2016,united states,venture capital & private equity
2015,spain,design
2014,united states,banking
2011,italy,oil & energy
2013,united states,electrical/electronic manufacturing
2016,canada,financial services
2016,azerbaijan,consumer services
2013,united states,marketing and advertising
2000,canada,management consulting
2010,turkey,medical practice
2010,united states,food & beverages
2011,united states,marketing and advertising
2015,colombia,construction
2010,italy,law practice
2012,romania,medical devices
1979,france,electrical/electronic manufacturing
1989,canada,marketing and advertising
2011,united states,computer networking
1979,finland,retail
2007,norway,retail
2017,new zealand,food & beverages
2009,united states,e-learning
2018,united states,civic & social organization
2015,united states,industrial automation
2007,france,aviation & aerospace
1960,united states,photography
2000,brazil,chemicals
2017,united states,information technology and services
2008,denmark,public relations and communications
2013,france,printing
2007,united states,information technology and services
2011,serbia,internet
1980,united states,building materials
2003,united states,construction
1987,peru,telecommunications
2001,united states,medical devices
2015,united kingdom,electrical/electronic manufacturing
1889,united states,performing arts
2015,united kingdom,animation
1989,united states,transportation/trucking/railroad
2017,united kingdom,hospital & health care
2010,united states,design
2012,united states,medical devices
2015,united states,law practice
2015,united states,food & beverages
2012,united states,telecommunications
2016,united states,internet
1996,canada,printing
2008,germany,professional training & coaching
2013,united states,"health, wellness and fitness"
2009,egypt,education management
2012,india,education management
1986,united states,photography
1989,united states,food & beverages
2015,turkey,individual & family services
2010,united states,construction
2014,italy,information technology and services
2001,canada,wholesale
2006,united states,architecture & planning
2017,united kingdom,real estate
2015,france,marketing and advertising
2018,ireland,computer & network security
2014,australia,civil engineering
2001,united states,"leisure, travel & tourism"
2014,united states,staffing and recruiting
1980,united states,construction
2012,united states,construction
2004,united states,research
2010,italy,management consulting
2016,philippines,wholesale
2014,united states,staffing and recruiting
2018,united kingdom,food & beverages
2016,argentina,internet
2001,netherlands,food & beverages
2017,united states,venture capital & private equity
2014,united kingdom,information technology and services
2016,united states,computer software
2000,united states,marketing and advertising
2008,united states,legal services
1991,portugal,computer software
2017,bangladesh,computer software
2014,azerbaijan,oil & energy
1999,united states,computer & network security
2016,united kingdom,real estate
2012,spain,graphic design
2016,india,"health, wellness and fitness"
1979,china,apparel & fashion
2007,estonia,electrical/electronic manufacturing
1991,france,restaurants
2016,united states,financial services
2014,united states,media production
2012,italy,non-profit organization management
2017,cameroon,commercial real estate
2017,united states,education management
2017,united states,architecture & planning
2006,sweden,marketing and advertising
2014,india,design
2012,united kingdom,alternative medicine
2000,south africa,staffing and recruiting
1997,united states,real estate
2010,france,computer software
1997,united states,information technology and services
2002,brazil,accounting
1997,egypt,education management
2012,canada,education management
2005,south africa,staffing and recruiting
2012,canada,renewables & environment
2016,spain,design
1995,united states,non-profit organization management
2010,united kingdom,construction
2013,myanmar,executive office
2018,united states,defense & space
2015,australia,construction
2013,united kingdom,"health, wellness and fitness"
2017,indonesia,marketing and advertising
2005,united states,real estate
1974,sweden,construction
2002,germany,mechanical or industrial engineering
1990,finland,textiles
2012,india,non-profit organization management
2011,netherlands,online media
2009,india,industrial automation
2015,india,information technology and services
2018,netherlands,e-learning
2005,mexico,hospitality
2011,united states,apparel & fashion
2001,canada,consumer services
2015,france,entertainment
2010,united states,retail
1997,taiwan,plastics
1998,united kingdom,information technology and services
2011,united states,apparel & fashion
2016,united states,wholesale
2005,united states,construction
2017,united states,information services
2011,india,pharmaceuticals
2015,netherlands,real estate
2013,united states,non-profit organization management
2015,netherlands,primary/secondary education
1985,united states,telecommunications
2017,united states,online media
1923,netherlands,retail
2006,united states,insurance
2009,cyprus,internet
1997,united kingdom,performing arts
2015,united states,media production
2004,italy,management consulting
2018,united states,management consulting
2009,united states,accounting
1998,united states,computer software
1996,bosnia and herzegovina,civic & social organization
2010,united states,sports
2003,spain,human resources
2011,dominican republic,food production
2008,united states,construction
2013,brazil,marketing and advertising
2010,canada,real estate
2012,united states,computer software
2006,netherlands,wholesale
2018,united states,architecture & planning
2013,united states,transportation/trucking/railroad
2010,france,security and investigations
1996,malaysia,information technology and services
2000,united states,environmental services
2013,romania,farming
2005,united states,aviation & aerospace
2012,denmark,printing
2015,united states,management consulting
2007,canada,logistics and supply chain
2014,united states,"health, wellness and fitness"
2010,india,human resources
1987,france,cosmetics
1986,united states,consumer goods
2011,united states,design
2014,brazil,professional training & coaching
2010,netherlands,"health, wellness and fitness"
2016,united states,renewables & environment
2013,spain,marketing and advertising
2009,united arab emirates,financial services
1998,spain,computer hardware
2005,united states,human resources
2015,united states,fund-raising
1962,italy,construction
2015,south korea,information technology and services
2015,brazil,facilities services
2005,united states,marketing and advertising
1982,italy,electrical/electronic manufacturing
2013,united states,non-profit organization management
2017,new zealand,design
2007,france,mechanical or industrial engineering
2007,canada,media production
2004,united states,design
2014,united states,renewables & environment
2013,portugal,pharmaceuticals
2016,italy,management consulting
1983,united states,food & beverages
2012,ukraine,design
2012,india,computer software
2009,united states,construction
2010,united states,venture capital & private equity
2011,slovenia,information technology and services
1985,united states,packaging and containers
2012,united kingdom,insurance
2011,australia,computer software
2016,uruguay,information technology and services
2014,united states,computer games
2010,united states,mental health care
2000,united states,accounting
2012,united states,information technology and services
2005,united states,construction
1973,canada,financial services
1987,united kingdom,alternative medicine
1948,slovakia,electrical/electronic manufacturing
1987,india,retail
2016,philippines,renewables & environment
2012,united states,internet
2015,india,information technology and services
1981,united states,construction
2014,australia,staffing and recruiting
1989,united states,international trade and development
1990,canada,higher education
2013,egypt,"leisure, travel & tourism"
2012,united states,investment banking
2014,united kingdom,accounting
1995,united states,financial services
2014,united states,marketing and advertising
1994,australia,information technology and services
2011,argentina,hospital & health care
2012,united states,marketing and advertising
2013,spain,marketing and advertising
2014,united states,"health, wellness and fitness"
2013,united states,professional training & coaching
1984,spain,"health, wellness and fitness"
2015,united states,"health, wellness and fitness"
2005,united states,photography
2007,india,mining & metals
2014,united states,internet
2015,united states,design
2003,united states,professional training & coaching
1991,united states,consumer services
1965,united states,construction
2013,luxembourg,investment management
2017,united states,railroad manufacture
2009,canada,mining & metals
2004,portugal,computer hardware
2008,brazil,information technology and services
2014,thailand,computer software
2010,spain,e-learning
2005,spain,events services
2013,singapore,events services
2015,mexico,environmental services
2008,india,information technology and services
2016,united arab emirates,management consulting
2014,australia,marketing and advertising
2017,united kingdom,construction
2006,united states,architecture & planning
1971,ireland,accounting
2004,japan,marketing and advertising
2014,united states,computer hardware
2002,canada,international affairs
2001,italy,construction
1999,united states,entertainment
2004,brazil,legal services
2014,united states,furniture
2004,united states,professional training & coaching
1981,united kingdom,construction
1998,philippines,non-profit organization management
2009,czechia,motion pictures and film
2015,united states,publishing
2014,germany,"health, wellness and fitness"
2010,turkey,events services
2012,united states,retail
2015,netherlands,computer software
2014,united kingdom,computer software
2011,united states,human resources
2017,united states,sports
2003,brazil,"health, wellness and fitness"
2013,canada,investment management
2016,united states,information technology and services
2014,netherlands,real estate
2000,mexico,marketing and advertising
2008,united states,public relations and communications
2011,canada,building materials
2008,united states,management consulting
2013,united states,facilities services
1917,sweden,furniture
2017,canada,management consulting
2004,denmark,medical devices
2014,netherlands,music
2017,united states,restaurants
2006,united states,financial services
1971,brazil,furniture
2002,united states,hospital & health care
2012,france,information technology and services
2013,germany,marketing and advertising
2011,united kingdom,telecommunications
1979,united states,environmental services
1977,israel,computer software
2010,united kingdom,oil & energy
2006,united states,marketing and advertising
2011,australia,telecommunications
2015,united states,internet
2011,luxembourg,non-profit organization management
2009,united kingdom,online media
1998,georgia,logistics and supply chain
2013,czechia,marketing and advertising
2014,france,"leisure, travel & tourism"
2013,united states,hospitality
2007,oman,chemicals
1993,united states,business supplies and equipment
2013,netherlands,information technology and services
2013,india,information technology and services
1986,sweden,information technology and services
2017,canada,transportation/trucking/railroad
1994,united states,law practice
1926,united states,insurance
2000,mexico,facilities services
2009,united states,staffing and recruiting
2002,united states,research
2017,italy,information technology and services
2016,spain,"health, wellness and fitness"
2012,kuwait,accounting
2015,brazil,construction
2015,united states,marketing and advertising
2008,united states,hospitality
2000,indonesia,publishing
2014,italy,electrical/electronic manufacturing
1999,italy,hospital & health care
2014,india,internet
1991,italy,machinery
2013,spain,sporting goods
2005,united states,wholesale
2012,germany,apparel & fashion
2013,israel,marketing and advertising
2007,united states,construction
2017,australia,human resources
2000,brazil,construction
2015,bulgaria,computer software
2016,belgium,aviation & aerospace
2017,poland,information technology and services
1999,united states,staffing and recruiting
2008,spain,professional training & coaching
2017,switzerland,internet
2011,united states,restaurants
2012,united states,insurance
2010,united states,internet
2011,united states,professional training & coaching
2011,united states,human resources
2001,colombia,environmental services
2018,argentina,education management
2010,united states,consumer goods
2017,bulgaria,information technology and services
1931,united states,transportation/trucking/railroad
2012,armenia,arts and crafts
2014,united kingdom,events services
1995,united kingdom,staffing and recruiting
2000,germany,management consulting
2001,russia,staffing and recruiting
2013,united states,marketing and advertising
1991,united states,"health, wellness and fitness"
2017,united states,financial services
2007,australia,construction
2011,united kingdom,construction
2011,united states,pharmaceuticals
2007,united states,accounting
1919,estonia,legal services
2014,south africa,information technology and services
2011,russia,information technology and services
2014,united kingdom,information technology and services
2008,ireland,fine art
1989,united states,non-profit organization management
1960,united states,oil & energy
1991,united states,insurance
1982,united states,construction
2014,chile,design
2005,chile,marketing and advertising
2012,netherlands,insurance
2012,united states,marketing and advertising
2013,uruguay,human resources
2017,united states,venture capital & private equity
1984,italy,graphic design
2015,croatia,civic & social organization
2016,netherlands,management consulting
2010,belgium,construction
2008,brazil,mechanical or industrial engineering
2009,united kingdom,information technology and services
2012,united states,construction
2017,united kingdom,venture capital & private equity
2011,denmark,food & beverages
2008,united states,information technology and services
1985,united states,accounting
2012,united states,information technology and services
2006,united states,philanthropy
2017,indonesia,information technology and services
2000,spain,information technology and services
2004,italy,information technology and services
2009,costa rica,design
2016,united states,entertainment
2010,netherlands,non-profit organization management
2010,united kingdom,construction
2012,united kingdom,hospital & health care
1993,canada,environmental services
2007,norway,hospital & health care
2015,jordan,internet
2011,italy,marketing and advertising
2005,south africa,printing
2015,united states,investment management
1996,united states,design
2012,india,construction
2014,united states,wine and spirits
1989,united states,"health, wellness and fitness"
2000,romania,information technology and services
2016,germany,financial services
2005,belgium,information technology and services
2014,united states,internet
1982,israel,construction
2015,brazil,facilities services
1995,pakistan,media production
2006,united states,information technology and services
2011,australia,building materials
2013,united states,"health, wellness and fitness"
2014,united states,media production
2004,united states,computer software
2002,italy,mechanical or industrial engineering
2015,estonia,information technology and services
2010,united states,design
2009,france,market research
2001,united kingdom,automotive
2014,south africa,management consulting
1995,argentina,furniture
2016,united states,management consulting
2008,greece,events services
1997,united states,motion pictures and film
2014,australia,staffing and recruiting
2003,spain,law practice
1990,united kingdom,real estate
2015,united kingdom,internet
1983,united states,individual & family services
2004,canada,arts and crafts
2001,united states,hospital & health care
2013,united states,information technology and services
2016,brazil,entertainment
1990,spain,design
2006,united states,automotive
1991,united states,"health, wellness and fitness"
1997,brazil,machinery
2014,brazil,"health, wellness and fitness"
2010,united states,public relations and communications
2018,netherlands,real estate
2006,malaysia,information technology and services
2004,united states,online media
2015,canada,media production
2007,brazil,marketing and advertising
2008,united kingdom,hospitality
1992,colombia,wholesale
1974,united states,"health, wellness and fitness"
2017,spain,professional training & coaching
1985,united states,farming
2013,united kingdom,food & beverages
2017,argentina,newspapers
2007,jordan,architecture & planning
2017,united states,information technology and services
2006,united states,staffing and recruiting
2012,poland,transportation/trucking/railroad
2011,netherlands,marketing and advertising
2012,united states,marketing and advertising
2008,united states,management consulting
2007,argentina,internet
2013,united kingdom,information technology and services
2014,united states,sporting goods
1989,united states,construction
1994,united states,building materials
2014,canada,"health, wellness and fitness"
2016,germany,marketing and advertising
2002,united kingdom,arts and crafts
1985,turkey,mining & metals
1986,panama,events services
1998,india,machinery
2008,spain,telecommunications
1985,united states,marketing and advertising
2010,canada,marketing and advertising
1996,turkey,textiles
2007,australia,apparel & fashion
2017,united states,automotive
2009,united states,management consulting
2013,united states,marketing and advertising
1998,canada,research
2004,united arab emirates,media production
2009,united states,design
2016,sri lanka,information technology and services
2000,canada,professional training & coaching
2012,china,textiles
1991,united states,wholesale
1994,united states,security and investigations
2007,united states,construction
2004,czechia,photography
2017,united states,food & beverages
2016,singapore,e-learning
1978,united states,consumer goods
2013,united states,computer software
2014,united kingdom,real estate
1980,italy,plastics
2015,united states,broadcast media
2010,united states,computer software
2009,switzerland,financial services
1996,luxembourg,broadcast media
1997,turkey,"leisure, travel & tourism"
2007,netherlands,retail
2011,canada,information technology and services
2011,france,professional training & coaching
1979,united states,insurance
1999,netherlands,pharmaceuticals
1949,united states,mechanical or industrial engineering
2012,united kingdom,cosmetics
2009,netherlands,staffing and recruiting
2011,united states,transportation/trucking/railroad
1960,turkey,civil engineering
2013,chile,import and export
2009,trinidad and tobago,management consulting
2013,united states,entertainment
2002,united states,computer software
2004,germany,publishing
2013,hungary,human resources
2016,brazil,marketing and advertising
2014,italy,information services
2015,india,marketing and advertising
1997,united kingdom,photography
2010,united states,real estate
2014,canada,security and investigations
1992,canada,machinery
2001,united kingdom,real estate
2016,philippines,information technology and services
2005,united states,education management
2007,united states,political organization
2016,united states,think tanks
2012,united states,education management
1974,united states,venture capital & private equity
2000,brazil,design
2015,united kingdom,entertainment
2011,united kingdom,media production
2017,united states,e-learning
2000,united kingdom,pharmaceuticals
2014,united kingdom,"leisure, travel & tourism"
2004,united kingdom,publishing
1997,united states,"health, wellness and fitness"
2009,united states,security and investigations
2016,united states,information technology and services
1995,spain,public policy
2012,italy,information technology and services
2005,germany,logistics and supply chain
2006,italy,human resources
2004,egypt,real estate
2010,united states,information technology and services
2011,united states,hospital & health care
2014,canada,"health, wellness and fitness"
1998,pakistan,electrical/electronic manufacturing
2013,india,internet
2012,brazil,"leisure, travel & tourism"
2016,united states,real estate
2000,netherlands,machinery
2009,united states,wholesale
2014,netherlands,graphic design
2003,australia,medical devices
2010,canada,food & beverages
2000,armenia,executive office
2005,australia,financial services
2009,netherlands,non-profit organization management
2007,united states,real estate
2013,united states,sports
1998,united states,venture capital & private equity
2013,hungary,hospitality
1974,united states,accounting
2017,italy,"leisure, travel & tourism"
2003,united states,telecommunications
2009,united states,apparel & fashion
1974,malaysia,import and export
2015,united states,computer & network security
2008,belgium,management consulting
1996,united states,packaging and containers
1996,united states,paper & forest products
2009,india,hospitality
2014,united states,telecommunications
2017,new zealand,writing and editing
2011,united states,industrial automation
2012,united states,real estate
2013,united states,education management
2008,luxembourg,food & beverages
2015,germany,building materials
2015,indonesia,marketing and advertising
2008,united states,graphic design
2013,united states,investment banking
2007,turkey,import and export
2010,canada,aviation & aerospace
2011,united states,internet
2006,france,architecture & planning
2005,australia,mining & metals
2007,china,design
1997,philippines,hospitality
1992,united states,publishing
2009,india,information services
2000,sweden,staffing and recruiting
1978,canada,non-profit organization management
2009,australia,apparel & fashion
2013,switzerland,information technology and services
2011,united kingdom,construction
1995,united states,automotive
2002,china,pharmaceuticals
2006,united states,music
2015,germany,apparel & fashion
2009,ireland,architecture & planning
2009,united states,renewables & environment
2017,belgium,wholesale
1996,spain,photography
1982,united kingdom,consumer goods
1991,czechia,building materials
2003,united kingdom,construction
2015,united states,professional training & coaching
2016,united states,apparel & fashion
2009,kenya,non-profit organization management
2017,canada,non-profit organization management
2014,canada,"health, wellness and fitness"
2002,united kingdom,computer software
2003,spain,construction
1994,united states,marketing and advertising
1952,jersey,law enforcement
2005,united states,internet
1981,south africa,mechanical or industrial engineering
2010,india,market research
2017,france,motion pictures and film
2018,belgium,airlines/aviation
2012,united states,internet
2007,india,mental health care
2009,canada,graphic design
1986,united states,cosmetics
1962,germany,building materials
1972,sweden,construction
1988,brazil,oil & energy
1882,norway,retail
2003,united states,mechanical or industrial engineering
2013,united states,music
2010,canada,construction
1999,united states,non-profit organization management
1994,united states,printing
2009,china,retail
2007,spain,entertainment
2012,france,internet
2016,united states,public policy
2014,france,management consulting
2015,united states,professional training & coaching
2010,united states,architecture & planning
2016,ireland,design
1998,united kingdom,marketing and advertising
2015,united kingdom,marketing and advertising
2001,italy,management consulting
1953,czechia,performing arts
2010,uganda,internet
1998,chile,electrical/electronic manufacturing
2018,india,computer software
2007,chile,environmental services
2005,colombia,computer software
1958,united states,retail
2016,united kingdom,staffing and recruiting
2009,netherlands,"health, wellness and fitness"
2009,united kingdom,wine and spirits
2000,india,import and export
2009,chile,information services
2014,italy,marketing and advertising
2009,bahrain,financial services
1992,united states,internet
2008,united states,food production
2015,poland,events services
2009,united kingdom,food production
2010,brazil,textiles
2003,south africa,retail
2013,united states,think tanks
2014,united states,construction
1988,united states,construction
1974,cayman islands,maritime
2008,united states,investment management
2016,czechia,"leisure, travel & tourism"
2012,new zealand,logistics and supply chain
2014,spain,pharmaceuticals
2014,united states,construction
2015,switzerland,construction
1990,greece,shipbuilding
2013,turkey,computer software
2016,united states,management consulting
1999,united states,insurance
2015,united kingdom,computer games
2014,mexico,wine and spirits
2015,india,information technology and services
2017,netherlands,staffing and recruiting
2017,united states,retail
2004,united states,professional training & coaching
2011,hungary,import and export
1992,germany,airlines/aviation
2014,united kingdom,non-profit organization management
2015,france,food production
2009,united states,insurance
1979,united states,electrical/electronic manufacturing
2013,belgium,education management
2015,indonesia,market research
2014,vietnam,furniture
1969,spain,accounting
2013,sweden,marketing and advertising
2006,australia,information technology and services
2009,south africa,media production
2011,united states,individual & family services
2015,united kingdom,marketing and advertising
2016,brazil,e-learning
2009,australia,"leisure, travel & tourism"
2014,united kingdom,entertainment
2014,australia,information technology and services
2013,france,professional training & coaching
2014,finland,information technology and services
2011,united states,financial services
1880,canada,civil engineering
2005,united states,information technology and services
1998,india,non-profit organization management
2010,france,management consulting
2015,united states,mental health care
2015,united states,real estate
2008,hungary,human resources
2017,united states,computer software
1985,italy,hospitality
2012,netherlands,commercial real estate
2012,japan,information technology and services
2014,china,translation and localization
2011,united states,non-profit organization management
2014,china,industrial automation
2008,united states,"health, wellness and fitness"
2007,brazil,primary/secondary education
2015,spain,media production
2006,united states,events services
2009,united kingdom,logistics and supply chain
2004,united states,"leisure, travel & tourism"
2003,united states,education management
2007,spain,photography
2006,united kingdom,internet
2005,united kingdom,information technology and services
2014,russia,computer software
1998,united kingdom,computer software
2013,australia,events services
2003,netherlands,information technology and services
2016,united states,hospital & health care
1992,united kingdom,information technology and services
2005,sweden,medical devices
2016,canada,real estate
2017,india,information technology and services
2007,united states,information technology and services
1997,united states,staffing and recruiting
1991,italy,farming
2011,united states,media production
1958,united states,oil & energy
2016,india,education management
2009,united states,investment management
2009,united kingdom,professional training & coaching
1990,australia,automotive
1980,united states,law practice
1981,italy,information technology and services
2014,italy,"leisure, travel & tourism"
2016,canada,marketing and advertising
2013,brazil,food & beverages
2014,united states,information technology and services
2013,india,information technology and services
1998,germany,information technology and services
2005,united states,construction
2010,united states,financial services
2017,united states,real estate
1981,netherlands,transportation/trucking/railroad
2010,south africa,food & beverages
2004,united states,arts and crafts
2004,united kingdom,architecture & planning
2014,canada,civic & social organization
2009,china,environmental services
2015,sweden,information technology and services
1988,united states,public relations and communications
2016,spain,apparel & fashion
2010,united arab emirates,management consulting
1998,poland,professional training & coaching
1946,uruguay,logistics and supply chain
2006,netherlands,graphic design
2013,canada,media production
2010,united states,law practice
2013,mexico,aviation & aerospace
2002,united states,financial services
1996,united states,law practice
1963,united states,sports
2009,united states,real estate
2016,united states,law practice
2013,united kingdom,design
2003,united states,public policy
2008,zambia,"leisure, travel & tourism"
2016,portugal,professional training & coaching
2013,united states,wholesale
2012,brazil,marketing and advertising
2017,spain,translation and localization
2014,united kingdom,internet
2005,venezuela,computer & network security
1999,united kingdom,internet
2015,denmark,information technology and services
2015,united states,design
2015,united states,financial services
2011,india,education management
2007,finland,import and export
2010,united states,security and investigations
1996,united states,furniture
1998,brazil,judiciary
2013,brazil,mechanical or industrial engineering
2015,netherlands,human resources
2015,china,apparel & fashion
2014,united states,financial services
1991,brazil,professional training & coaching
2011,australia,construction
2014,united kingdom,management consulting
2016,egypt,marketing and advertising
2008,united arab emirates,real estate
2017,germany,management consulting
2015,romania,media production
1987,australia,education management
2008,united states,computer & network security
1957,united states,insurance
2017,india,information technology and services
2016,netherlands,sports
2012,united states,hospital & health care
2017,united states,real estate
2004,united kingdom,consumer goods
1994,canada,food & beverages
2015,paraguay,hospitality
2013,brazil,design
2011,india,import and export
2013,france,financial services
2004,china,apparel & fashion
2015,united states,food & beverages
2000,united states,architecture & planning
2008,germany,human resources
2014,united states,mental health care
2000,united states,education management
2015,france,internet
1997,united states,non-profit organization management
2014,united states,machinery
2010,tanzania,oil & energy
2009,japan,marketing and advertising
2002,canada,financial services
1933,united kingdom,textiles
2013,mexico,human resources
1990,united states,construction
2014,spain,information technology and services
2008,finland,sports
2015,united states,internet
2010,united kingdom,logistics and supply chain
2000,united states,financial services
2013,egypt,computer software
2007,maldives,"leisure, travel & tourism"
2003,south africa,public policy
1989,taiwan,international trade and development
1994,poland,automotive
1995,united states,"leisure, travel & tourism"
2000,united states,insurance
1977,united states,building materials
1996,peru,events services
2009,united states,environmental services
1996,united states,individual & family services
2003,china,medical devices
2003,brazil,information services
2007,united states,education management
2000,spain,medical practice
2014,united states,executive office
2015,mexico,financial services
2013,united states,hospitality
2016,united states,internet
2015,brazil,marketing and advertising
2017,united states,marketing and advertising
1964,united states,automotive
1984,united states,photography
2015,united states,information technology and services
1997,brazil,construction
2005,united states,computer networking
2014,united states,executive office
2002,nigeria,outsourcing/offshoring
1999,lithuania,hospitality
2013,canada,entertainment
2010,brazil,information technology and services
2015,germany,staffing and recruiting
2011,canada,events services
2000,switzerland,human resources
2012,united states,market research
2006,united states,media production
2012,chile,construction
1997,united states,"health, wellness and fitness"
2009,united states,insurance
2014,germany,utilities
2009,italy,cosmetics
2012,italy,hospitality
1998,united states,environmental services
1971,united states,music
2006,canada,civic & social organization
2003,united kingdom,marketing and advertising
2016,india,recreational facilities and services
2001,poland,events services
2016,spain,medical practice
1976,belgium,machinery
2010,united states,professional training & coaching
2003,vietnam,"leisure, travel & tourism"
2006,united states,automotive
2009,united states,sporting goods
1998,argentina,telecommunications
2012,united states,furniture
2015,germany,media production
2010,united kingdom,retail
1956,japan,electrical/electronic manufacturing
1974,united states,automotive
1923,united states,commercial real estate
1995,united states,construction
2016,canada,mental health care
2007,italy,management consulting
2015,singapore,sports
2008,united states,marketing and advertising
2015,netherlands,management consulting
2001,united states,information technology and services
2015,united states,consumer services
2016,united states,marketing and advertising
2006,united kingdom,international trade and development
2006,israel,computer software
2014,netherlands,hospitality
2001,united states,internet
2016,united states,consumer goods
2017,romania,international trade and development
2015,united kingdom,real estate
2014,spain,management consulting
2013,greece,online media
2007,italy,marketing and advertising
2017,azerbaijan,food production
1997,denmark,commercial real estate
2015,belgium,professional training & coaching
2013,united kingdom,financial services
2015,india,apparel & fashion
2000,italy,public policy
2012,united kingdom,legal services
2009,india,design
2006,canada,entertainment
2017,india,financial services
2014,united kingdom,computer games
2006,new zealand,law practice
1987,united states,sporting goods
2007,sweden,design
2016,australia,sports
2013,united states,legal services
2011,united states,renewables & environment
2014,spain,management consulting
1985,united states,museums and institutions
2014,netherlands,events services
2012,italy,real estate
2016,united states,real estate
1998,australia,construction
2012,spain,apparel & fashion
1999,sweden,management consulting
2016,turkey,information technology and services
2010,united kingdom,information technology and services
1990,netherlands,financial services
2012,united states,retail
1984,brazil,education management
1976,united states,consumer services
2014,denmark,marketing and advertising
2001,netherlands,internet
2005,italy,motion pictures and film
2010,united states,investment management
1853,united states,government administration
2006,united states,environmental services
2013,italy,"health, wellness and fitness"
1988,russia,information technology and services
2009,united states,non-profit organization management
2000,canada,staffing and recruiting
2010,israel,dairy
2001,united states,information technology and services
2008,italy,information technology and services
2012,united kingdom,staffing and recruiting
2006,india,information technology and services
2002,italy,renewables & environment
1994,united states,real estate
2004,ukraine,law practice
2003,united states,wholesale
2016,united states,insurance
2012,united kingdom,"health, wellness and fitness"
1973,brazil,individual & family services
2011,italy,information technology and services
2009,spain,construction
2004,united states,machinery
2004,france,environmental services
2015,united states,computer software
2000,hong kong,staffing and recruiting
2012,germany,internet
2010,south africa,information technology and services
2009,united states,internet
1993,brazil,sports
2013,united kingdom,management consulting
2009,italy,information technology and services
2013,united states,writing and editing
2005,united states,construction
2014,united arab emirates,investment management
2012,united states,marketing and advertising
2013,brazil,education management
2016,united states,information technology and services
2018,united states,real estate
1999,united states,professional training & coaching
1996,united states,fund-raising
2013,france,management consulting
1958,thailand,apparel & fashion
2001,spain,financial services
2006,hong kong,consumer goods
2000,france,management consulting
2009,united states,performing arts
2005,united kingdom,construction
2014,czechia,marketing and advertising
2011,united states,construction
2015,brazil,marketing and advertising
2013,philippines,investment management
2011,united kingdom,security and investigations
1982,kuwait,mechanical or industrial engineering
2012,united states,entertainment
2016,canada,capital markets
2017,bangladesh,information technology and services
1972,france,arts and crafts
2014,united states,food & beverages
2015,cyprus,medical devices
2004,spain,accounting
2001,norway,mechanical or industrial engineering
2006,canada,translation and localization
2016,united states,accounting
2012,united states,non-profit organization management
2017,canada,information technology and services
2007,united states,law practice
2015,peru,human resources
2009,netherlands,professional training & coaching
2007,australia,construction
2012,united kingdom,computer software
2007,united states,mental health care
2004,united states,design
2014,canada,information technology and services
2013,canada,computer games
2013,spain,management consulting
2010,united states,writing and editing
2014,panama,information technology and services
2004,united states,accounting
2007,united kingdom,information technology and services
1940,new zealand,civil engineering
2011,united states,marketing and advertising
2006,italy,information technology and services
2016,united kingdom,information technology and services
2016,denmark,airlines/aviation
2015,united states,computer software
2016,hungary,information technology and services
2011,united states,"health, wellness and fitness"
2011,spain,program development
2017,india,information technology and services
2007,spain,architecture & planning
1978,united states,hospital & health care
1991,netherlands,information technology and services
2013,netherlands,entertainment
2008,netherlands,non-profit organization management
2005,france,industrial automation
2001,netherlands,information technology and services
1995,brazil,mechanical or industrial engineering
2003,united states,non-profit organization management
1992,united states,hospital & health care
2011,belgium,facilities services
2015,united states,sports
2013,chile,marketing and advertising
2015,united states,non-profit organization management
2012,spain,arts and crafts
2016,finland,events services
2012,united states,apparel & fashion
1995,switzerland,management consulting
2017,uruguay,design
2017,austria,research
1998,united states,public relations and communications
2005,united states,financial services
2013,brazil,alternative dispute resolution
2003,united states,logistics and supply chain
2011,tunisia,staffing and recruiting
2016,india,telecommunications
2015,brazil,"health, wellness and fitness"
2006,germany,automotive
2017,united states,marketing and advertising
1986,united states,computer software
2004,new zealand,staffing and recruiting
2003,australia,hospitality
2015,united states,marketing and advertising
2008,canada,"leisure, travel & tourism"
2015,netherlands,marketing and advertising
2004,germany,"health, wellness and fitness"
1999,netherlands,printing
2008,united states,design
2007,indonesia,legal services
2016,peru,financial services
1990,united states,mechanical or industrial engineering
2004,monaco,automotive
2014,united kingdom,design
1993,canada,design
2011,france,real estate
1962,united kingdom,civil engineering
1991,united states,information technology and services
2017,netherlands,outsourcing/offshoring
1935,united states,retail
2000,united kingdom,philanthropy
1985,hong kong,electrical/electronic manufacturing
2016,united states,sports
2011,canada,information technology and services
1986,united states,medical practice
2010,canada,"health, wellness and fitness"
2018,united states,wholesale
2011,argentina,consumer electronics
2005,united states,real estate
2007,united states,management consulting
1982,united states,law practice
2017,united states,marketing and advertising
2017,poland,internet
2015,spain,international trade and development
2012,isle of man,entertainment
2011,australia,construction
2002,united states,computer software
2007,south africa,human resources
1976,india,packaging and containers
1988,united states,business supplies and equipment
2010,united kingdom,pharmaceuticals
2001,united states,retail
1974,canada,recreational facilities and services
2003,belgium,market research
2009,united states,airlines/aviation
2017,canada,automotive
2011,united states,information technology and services
2011,slovenia,computer software
2001,australia,marketing and advertising
2010,united states,insurance
1985,germany,law practice
2017,turkey,information technology and services
2014,united states,primary/secondary education
2014,brazil,events services
1996,italy,human resources
2010,china,music
2011,portugal,marketing and advertising
2008,australia,media production
2016,india,marketing and advertising
1995,finland,architecture & planning
1992,united states,commercial real estate
2006,united states,online media
2011,italy,construction
2000,turkey,insurance
2013,united states,information technology and services
2009,switzerland,insurance
2009,norway,computer software
2016,united states,retail
1993,germany,photography
2017,united states,retail
1963,united states,accounting
2013,united kingdom,financial services
2005,united states,construction
2008,united states,real estate
2013,brazil,facilities services
2017,united kingdom,consumer goods
1975,united states,construction
1996,united states,civil engineering
2010,china,building materials
2001,czechia,fine art
2016,czechia,human resources
2017,united states,education management
2011,spain,cosmetics
2017,brazil,information technology and services
2017,spain,internet
2006,china,consumer goods
1964,cyprus,hospitality
2008,spain,mechanical or industrial engineering
2013,united states,events services
2003,spain,pharmaceuticals
1994,united states,management consulting
2016,united states,food & beverages
2016,denmark,arts and crafts
2006,united states,construction
2006,poland,marketing and advertising
2015,france,real estate
2003,united states,marketing and advertising
2015,united states,information technology and services
2013,australia,events services
2016,united states,information technology and services
2011,united kingdom,computer games
2015,france,computer software
2015,united kingdom,insurance
2017,united states,"health, wellness and fitness"
2012,united states,law practice
2014,united states,insurance
2012,united states,education management
2011,united states,education management
1975,united states,mining & metals
2016,denmark,computer software
2013,united kingdom,computer software
2007,united states,printing
2017,united states,investment management
2007,united kingdom,financial services
2015,canada,human resources
2009,united states,"health, wellness and fitness"
2013,united states,industrial automation
2016,united states,construction
2010,united states,think tanks
2014,india,information technology and services
2007,united states,marketing and advertising
2008,india,civil engineering
2017,italy,information services
2016,united states,computer software
2012,united states,professional training & coaching
1994,switzerland,real estate
2002,united states,retail
2015,spain,design
1997,slovenia,public relations and communications
1999,norway,marketing and advertising
2017,brazil,computer software
2015,united states,real estate
2017,united states,hospitality
2009,austria,information technology and services
2016,united states,biotechnology
1989,finland,construction
2001,united states,cosmetics
2011,ukraine,management consulting
2009,spain,accounting
2016,ukraine,legal services
2008,united states,environmental services
2000,united kingdom,financial services
2016,ethiopia,environmental services
2015,united states,information technology and services
2005,united states,management consulting
2013,india,computer software
2016,malaysia,farming
2018,canada,"health, wellness and fitness"
2010,united states,mental health care
2008,netherlands,internet
2012,netherlands,wholesale
1998,united states,utilities
2013,united arab emirates,marketing and advertising
2011,netherlands,accounting
1995,united states,computer software
2008,united states,real estate
2017,sweden,management consulting
2016,denmark,computer & network security
1956,united states,business supplies and equipment
2012,canada,food & beverages
1997,malaysia,insurance
2018,united states,information technology and services
2017,india,media production
2017,united states,computer software
1932,canada,automotive
2007,united states,arts and crafts
1997,singapore,investment management
2012,panama,civic & social organization
1980,italy,wholesale
2017,united states,entertainment
1978,india,import and export
2005,canada,staffing and recruiting
2016,united kingdom,wine and spirits
2007,greece,education management
1993,united states,consumer services
2012,united states,consumer services
2016,italy,internet
1990,united kingdom,professional training & coaching
2018,united states,online media
2015,peru,law practice
2012,venezuela,plastics
2014,india,arts and crafts
1969,united states,management consulting
1999,united states,retail
2017,united kingdom,computer & network security
2006,united states,events services
1985,israel,insurance
2012,brazil,"leisure, travel & tourism"
2001,united states,information technology and services
1983,united states,publishing
2004,united states,telecommunications
2012,spain,architecture & planning
1984,united kingdom,marketing and advertising
2009,ireland,design
2015,united states,"health, wellness and fitness"
1995,united states,entertainment
1980,united states,non-profit organization management
1966,united states,environmental services
2004,finland,design
2010,united kingdom,music
2007,france,graphic design
2011,pakistan,animation
2001,lithuania,information technology and services
2007,india,civil engineering
2014,india,staffing and recruiting
1991,belgium,banking
2015,india,research
2006,italy,information technology and services
2017,egypt,management consulting
1981,united states,banking
2014,netherlands,architecture & planning
2011,united states,"leisure, travel & tourism"
2012,france,financial services
2011,united kingdom,media production
2005,brazil,supermarkets
2002,france,professional training & coaching
2011,netherlands,food & beverages
1997,india,business supplies and equipment
2014,france,automotive
2010,united states,automotive
1995,turkey,textiles
2014,brazil,mechanical or industrial engineering
2003,united states,financial services
2013,india,information technology and services
2012,finland,mechanical or industrial engineering
2017,united kingdom,"health, wellness and fitness"
2013,united states,information technology and services
2012,united states,financial services
2001,romania,education management
2012,united states,"health, wellness and fitness"
2003,united kingdom,media production
2015,united states,hospital & health care
2012,united states,medical devices
2010,switzerland,information technology and services
2012,france,internet
2013,united states,mining & metals
1982,united states,construction
2010,united kingdom,retail
2014,india,information technology and services
1985,united states,individual & family services
2002,united kingdom,hospital & health care
2001,united states,real estate
2015,united kingdom,sporting goods
1977,united states,"health, wellness and fitness"
2006,united states,veterinary
2010,brazil,automotive
2014,belarus,management consulting
2008,belgium,luxury goods & jewelry
2010,china,mechanical or industrial engineering
2016,united states,entertainment
2006,netherlands,hospital & health care
2012,united kingdom,computer software
2009,united states,environmental services
2016,spain,entertainment
1882,united states,pharmaceuticals
2008,united states,computer software
2013,spain,consumer services
2014,canada,security and investigations
1999,united states,marketing and advertising
2005,ireland,business supplies and equipment
2000,united states,entertainment
1941,united states,religious institutions
2006,austria,machinery
2008,canada,management consulting
2013,united kingdom,accounting
2009,slovenia,medical devices
2014,united states,real estate
2002,new zealand,education management
2016,belgium,staffing and recruiting
2012,canada,graphic design
2014,united states,staffing and recruiting
2011,france,real estate
2005,united states,pharmaceuticals
1998,united kingdom,non-profit organization management
2010,united kingdom,renewables & environment
2009,united states,"health, wellness and fitness"
2009,netherlands,information services
2014,united states,marketing and advertising
2008,bolivia,design
2012,united kingdom,telecommunications
2011,united states,animation
2008,canada,management consulting
2015,hong kong,wholesale
2016,united kingdom,furniture
1994,romania,information services
2012,india,renewables & environment
2017,united states,marketing and advertising
2016,belgium,human resources
1971,united states,public safety
2011,singapore,medical practice
1987,united states,construction
1998,italy,telecommunications
2008,united states,marketing and advertising
2009,united states,sports
